{"logistic regression": [0.2990844354018311, 0.6715337409742348], "decision tree": [0.1770091556459817, 0.6149613965988247], "random forest": [0.19328585961342828, 0.6373546468890064], "support vector machine": [0.07324516785350967, 0.587587155516257], "perceptron": [0.3896236012207528, 0.7209713366149341]}