{"logistic regression": [0.9136930352536543, 0.9149326308718027], "decision tree": [0.9345442820292348, 0.9348715763254306], "random forest": [0.9370163370593293, 0.9377761840963765], "perceptron": [0.9232588134135855, 0.9236028817188174], "support vector machine": [0.8969260533104041, 0.8989873439251705]}