{"logistic regression": [0.8593078245915735, 0.8656771047578417], "decision tree": [0.9359415305245056, 0.9361407947700766], "random forest": [0.9400257953568357, 0.9404409430070877], "perceptron": [0.9293852106620808, 0.929483132908339], "support vector machine": [0.9272355975924333, 0.9280323434071581]}