{"logistic regression": [0.07121057985757884, 0.5080021857786827], "decision tree": [0.15666327568667346, 0.5917940883436114], "random forest": [0.14954221770091555, 0.615736849166816], "support vector machine": [0.07324516785350967, 0.5857961421958123], "perceptron": [0.35300101729399797, 0.7077509465490691]}